Name,rating,image.started,image.stopped,participant,date,expName,psychopyVersion,frameRate,
AF118.jpg,2.0,13.261107300000731,17.173314449959435,1,2022-12-27-2111,VBDM,2021.2.0,60.02563095790019,
AF1762.jpg,6.0,17.173244400008116,20.72319804999279,1,2022-12-27-2111,VBDM,2021.2.0,60.02563095790019,
AF1499.jpg,7.0,20.72331849997863,22.989964749955107,1,2022-12-27-2111,VBDM,2021.2.0,60.02563095790019,
AF41.jpg,7.0,22.989943099964876,26.089963649981655,1,2022-12-27-2111,VBDM,2021.2.0,60.02563095790019,
AF974.jpg,2.0,26.0899448999553,27.973305949999485,1,2022-12-27-2111,VBDM,2021.2.0,60.02563095790019,
AF1375.jpg,2.0,27.97310090000974,32.65661695000017,1,2022-12-27-2111,VBDM,2021.2.0,60.02563095790019,
AF834.jpg,2.0,32.65648499998497,35.156542149954475,1,2022-12-27-2111,VBDM,2021.2.0,60.02563095790019,
AF715.jpg,7.0,35.15680120000616,37.439917249954306,1,2022-12-27-2111,VBDM,2021.2.0,60.02563095790019,
AF1645.jpg,3.0,37.44298529997468,39.356537249987014,1,2022-12-27-2111,VBDM,2021.2.0,60.02563095790019,
AF727.jpg,3.0,39.356450099963695,45.05658134998521,1,2022-12-27-2111,VBDM,2021.2.0,60.02563095790019,
AF1667.jpg,8.0,45.05655589996604,50.32334634999279,1,2022-12-27-2111,VBDM,2021.2.0,60.02563095790019,
AF1542.jpg,2.0,50.323243199964054,53.4232925499673,1,2022-12-27-2111,VBDM,2021.2.0,60.02563095790019,
AF1419.jpg,5.0,53.42315699998289,55.20661284995731,1,2022-12-27-2111,VBDM,2021.2.0,60.02563095790019,
AF372.jpg,3.0,55.20647659996757,57.83989294996718,1,2022-12-27-2111,VBDM,2021.2.0,60.02563095790019,
AF1665.jpg,4.0,57.839855499973055,59.82321274996502,1,2022-12-27-2111,VBDM,2021.2.0,60.02563095790019,
AF254.jpg,2.0,59.8231193999527,61.72331574995769,1,2022-12-27-2111,VBDM,2021.2.0,60.02563095790019,
AF139.jpg,2.0,61.72313080000458,63.53984634997323,1,2022-12-27-2111,VBDM,2021.2.0,60.02563095790019,
AF564.jpg,2.0,63.53980189998401,66.43999064998934,1,2022-12-27-2111,VBDM,2021.2.0,60.02563095790019,
AF355.jpg,5.0,66.44035749998875,69.75645914999768,1,2022-12-27-2111,VBDM,2021.2.0,60.02563095790019,
AF1029.jpg,5.0,69.7564291000017,90.15647594997426,1,2022-12-27-2111,VBDM,2021.2.0,60.02563095790019,
AF1086.jpg,2.0,90.15640959999291,93.43968914996367,1,2022-12-27-2111,VBDM,2021.2.0,60.02563095790019,
AF522.jpg,2.0,93.4396292999736,95.02315424999688,1,2022-12-27-2111,VBDM,2021.2.0,60.02563095790019,
AF1712.jpg,5.0,95.02303379995283,99.62311354995472,1,2022-12-27-2111,VBDM,2021.2.0,60.02563095790019,
AF1185.jpg,2.0,99.62322049995419,104.53971674997592,1,2022-12-27-2111,VBDM,2021.2.0,60.02563095790019,
AF791.jpg,2.0,104.54221260000486,106.67308224999579,1,2022-12-27-2111,VBDM,2021.2.0,60.02563095790019,
AF1233.jpg,7.0,106.67301039997255,108.62300094997045,1,2022-12-27-2111,VBDM,2021.2.0,60.02563095790019,
AF506.jpg,3.0,108.62981879996369,124.82307604997186,1,2022-12-27-2111,VBDM,2021.2.0,60.02563095790019,
AF1404.jpg,2.0,124.8229502000031,127.90639555000234,1,2022-12-27-2111,VBDM,2021.2.0,60.02563095790019,
AF1358.jpg,2.0,127.9063032999984,129.7065593499574,1,2022-12-27-2111,VBDM,2021.2.0,60.02563095790019,
AF1643.jpg,6.0,129.70630540000275,133.10638604999986,1,2022-12-27-2111,VBDM,2021.2.0,60.02563095790019,
AF1966.jpg,7.0,133.1063607999822,136.27328724996187,1,2022-12-27-2111,VBDM,2021.2.0,60.02563095790019,
AF1144.jpg,2.0,136.27294789999723,139.53966174996458,1,2022-12-27-2111,VBDM,2021.2.0,60.02563095790019,
AF666.jpg,2.0,139.53965089999838,141.8729816499981,1,2022-12-27-2111,VBDM,2021.2.0,60.02563095790019,
AF1197.jpg,9.0,141.87293650000356,146.8730693499674,1,2022-12-27-2111,VBDM,2021.2.0,60.02563095790019,
AF454.jpg,2.0,146.87293009995483,149.25634224998066,1,2022-12-27-2111,VBDM,2021.2.0,60.02563095790019,
AF671.jpg,1.0,149.25624829996377,153.5063131499919,1,2022-12-27-2111,VBDM,2021.2.0,60.02563095790019,
AF31.jpg,6.0,153.50621419999516,155.63992494996637,1,2022-12-27-2111,VBDM,2021.2.0,60.02563095790019,
AF1501.jpg,7.0,155.6395188999595,160.67290374997538,1,2022-12-27-2111,VBDM,2021.2.0,60.02563095790019,
AF1003.jpg,2.0,160.67290479998337,162.38970274996245,1,2022-12-27-2111,VBDM,2021.2.0,60.02563095790019,
AF1338.jpg,2.0,162.39106729999185,165.60609764995752,1,2022-12-27-2111,VBDM,2021.2.0,60.02563095790019,
AF1065.jpg,7.0,165.60681139997905,169.17296614998486,1,2022-12-27-2111,VBDM,2021.2.0,60.02563095790019,
AF1600.jpg,2.0,169.17280549998395,174.92292614997132,1,2022-12-27-2111,VBDM,2021.2.0,60.02563095790019,
AF357.jpg,1.0,174.9228324999567,177.42287765000947,1,2022-12-27-2111,VBDM,2021.2.0,60.02563095790019,
AF1940.jpg,2.0,177.4228853000095,179.12290595000377,1,2022-12-27-2111,VBDM,2021.2.0,60.02563095790019,
AF1326.jpg,4.0,179.12287530000322,194.62286404997576,1,2022-12-27-2111,VBDM,2021.2.0,60.02563095790019,
AF1908.jpg,7.0,194.6227818999905,196.80616774997907,1,2022-12-27-2111,VBDM,2021.2.0,60.02563095790019,
AF1304.jpg,2.0,196.80617910000728,200.4561559499707,1,2022-12-27-2111,VBDM,2021.2.0,60.02563095790019,
AF722.jpg,5.0,200.45613099995535,203.92273674998432,1,2022-12-27-2111,VBDM,2021.2.0,60.02563095790019,
AF341.jpg,2.0,203.9227921999991,206.0562745499774,1,2022-12-27-2111,VBDM,2021.2.0,60.02563095790019,
AF774.jpg,2.0,206.05618249997497,218.05612664995715,1,2022-12-27-2111,VBDM,2021.2.0,60.02563095790019,
AF867.jpg,5.0,218.05606849998003,220.50617934996262,1,2022-12-27-2111,VBDM,2021.2.0,60.02563095790019,
AF2009.jpg,6.0,220.50735009997152,223.20597755000927,1,2022-12-27-2111,VBDM,2021.2.0,60.02563095790019,
AF639.jpg,8.0,223.20883099996718,228.33933084999444,1,2022-12-27-2111,VBDM,2021.2.0,60.02563095790019,
AF784.jpg,5.0,228.33938699995633,230.22268664999865,1,2022-12-27-2111,VBDM,2021.2.0,60.02563095790019,
AF470.jpg,5.0,230.22266549995402,232.2895129499957,1,2022-12-27-2111,VBDM,2021.2.0,60.02563095790019,
AF1217.jpg,3.0,232.2894132999936,235.12273025000468,1,2022-12-27-2111,VBDM,2021.2.0,60.02563095790019,
AF1120.jpg,2.0,235.12248399999226,237.53905464999843,1,2022-12-27-2111,VBDM,2021.2.0,60.02563095790019,
AF1297.jpg,9.0,237.55080929998076,241.72299654997187,1,2022-12-27-2111,VBDM,2021.2.0,60.02563095790019,
AF1738.jpg,2.0,241.72265720000723,247.4060440500034,1,2022-12-27-2111,VBDM,2021.2.0,60.02563095790019,
AF49.jpg,2.0,247.40597449999768,248.77276154997526,1,2022-12-27-2111,VBDM,2021.2.0,60.02563095790019,
AF962.jpg,5.0,248.77263119997224,250.57280164997792,1,2022-12-27-2111,VBDM,2021.2.0,60.02563095790019,
AF1735.jpg,5.0,250.5726096999715,258.3059428499546,1,2022-12-27-2111,VBDM,2021.2.0,60.02563095790019,
AF384.jpg,2.0,258.30598249996547,260.40614385000663,1,2022-12-27-2111,VBDM,2021.2.0,60.02563095790019,
AF110.jpg,5.0,260.4059953999822,264.1226619500085,1,2022-12-27-2111,VBDM,2021.2.0,60.02563095790019,
AF932.jpg,5.0,264.1226279999828,268.38931184995454,1,2022-12-27-2111,VBDM,2021.2.0,60.02563095790019,
AF1798.jpg,5.0,268.3892249999917,273.7893939499627,1,2022-12-27-2111,VBDM,2021.2.0,60.02563095790019,
AF1647.jpg,4.0,273.7892825999879,276.02262984996196,1,2022-12-27-2111,VBDM,2021.2.0,60.02563095790019,
AF342.jpg,2.0,276.0225388999679,277.6393963499577,1,2022-12-27-2111,VBDM,2021.2.0,60.02563095790019,
AF402.jpg,2.0,277.6392788999947,280.0059936500038,1,2022-12-27-2111,VBDM,2021.2.0,60.02563095790019,
AF431.jpg,3.0,280.00595259998227,281.70598485000664,1,2022-12-27-2111,VBDM,2021.2.0,60.02563095790019,
AF916.jpg,3.0,281.7059137999895,286.55590594996465,1,2022-12-27-2111,VBDM,2021.2.0,60.02563095790019,
AF1951.jpg,1.0,286.55588090000674,288.0892297499813,1,2022-12-27-2111,VBDM,2021.2.0,60.02563095790019,
AF1846.jpg,4.0,288.0892150999862,289.82261425000615,1,2022-12-27-2111,VBDM,2021.2.0,60.02563095790019,
AF1246.jpg,2.0,289.82254019996617,297.0892158499919,1,2022-12-27-2111,VBDM,2021.2.0,60.02563095790019,
AF266.jpg,2.0,297.0891352999606,298.57256895001046,1,2022-12-27-2111,VBDM,2021.2.0,60.02563095790019,
AF2005.jpg,7.0,298.5725237999577,300.7225493500009,1,2022-12-27-2111,VBDM,2021.2.0,60.02563095790019,
AF1858.jpg,3.0,300.72254250000697,307.2225181499962,1,2022-12-27-2111,VBDM,2021.2.0,60.02563095790019,
AF97.jpg,2.0,307.22289779997664,309.80589254997903,1,2022-12-27-2111,VBDM,2021.2.0,60.02563095790019,
AF1670.jpg,3.0,309.8058736999519,312.50580564996926,1,2022-12-27-2111,VBDM,2021.2.0,60.02563095790019,
AF1209.jpg,3.0,312.5059909999836,314.7392533500097,1,2022-12-27-2111,VBDM,2021.2.0,60.02563095790019,
AF1219.jpg,2.0,314.7391636999673,316.90591224998934,1,2022-12-27-2111,VBDM,2021.2.0,60.02563095790019,
AF380.jpg,2.0,316.9058202999877,318.40588355000364,1,2022-12-27-2111,VBDM,2021.2.0,60.02563095790019,
AF1734.jpg,6.0,318.4057940999628,320.38919024995994,1,2022-12-27-2111,VBDM,2021.2.0,60.02563095790019,
AF1561.jpg,4.0,320.38909139996395,327.95584254997084,1,2022-12-27-2111,VBDM,2021.2.0,60.02563095790019,
AF1284.jpg,6.0,327.9557608999894,334.27254194999114,1,2022-12-27-2111,VBDM,2021.2.0,60.02563095790019,
AF1328.jpg,4.0,334.2724057000014,336.3557804499869,1,2022-12-27-2111,VBDM,2021.2.0,60.02563095790019,
AF1950.jpg,3.0,336.3558439000044,341.7058366499841,1,2022-12-27-2111,VBDM,2021.2.0,60.02563095790019,
AF1006.jpg,5.0,341.70576099999016,356.3724562499556,1,2022-12-27-2111,VBDM,2021.2.0,60.02563095790019,
AF1828.jpg,7.0,356.372650699981,358.53907604998676,1,2022-12-27-2111,VBDM,2021.2.0,60.02563095790019,
AF1589.jpg,8.0,358.53904629999306,361.50573524995707,1,2022-12-27-2111,VBDM,2021.2.0,60.02563095790019,
AF516.jpg,4.0,361.50592049997067,364.12241104996065,1,2022-12-27-2111,VBDM,2021.2.0,60.02563095790019,
AF1884.jpg,6.0,364.1223748999764,370.2557406499982,1,2022-12-27-2111,VBDM,2021.2.0,60.02563095790019,
AF863.jpg,2.0,370.25561989995185,371.75569464999717,1,2022-12-27-2111,VBDM,2021.2.0,60.02563095790019,
AF594.jpg,1.0,371.7556688999757,374.28908464999404,1,2022-12-27-2111,VBDM,2021.2.0,60.02563095790019,
AF1832.jpg,9.0,374.2897555999807,377.27244234998943,1,2022-12-27-2111,VBDM,2021.2.0,60.02563095790019,
AF967.jpg,8.0,377.2722936999635,379.0056599499658,1,2022-12-27-2111,VBDM,2021.2.0,60.02563095790019,
AF113.jpg,3.0,379.00558779999847,389.1889956499799,1,2022-12-27-2111,VBDM,2021.2.0,60.02563095790019,
AF1336.jpg,5.0,389.1889715999714,405.5722534499946,1,2022-12-27-2111,VBDM,2021.2.0,60.02563095790019,
AF1203.jpg,8.0,405.57226339995395,408.3723229499883,1,2022-12-27-2111,VBDM,2021.2.0,60.02563095790019,
AF426.jpg,2.0,408.37220609997166,410.2389562499593,1,2022-12-27-2111,VBDM,2021.2.0,60.02563095790019,
AF1987.jpg,1.0,410.2388584999717,411.7722766500083,1,2022-12-27-2111,VBDM,2021.2.0,60.02563095790019,
AF884.jpg,2.0,411.7719328000094,414.05557094997494,1,2022-12-27-2111,VBDM,2021.2.0,60.02563095790019,
AF1584.jpg,7.0,414.0555202999967,415.75560904998565,1,2022-12-27-2111,VBDM,2021.2.0,60.02563095790019,
AF1720.jpg,7.0,415.7555721999961,417.8722346499562,1,2022-12-27-2111,VBDM,2021.2.0,60.02563095790019,
AF2008.jpg,6.0,417.8868152999785,421.97223804995883,1,2022-12-27-2111,VBDM,2021.2.0,60.02563095790019,
AF730.jpg,3.0,421.9853757999954,425.17233744997066,1,2022-12-27-2111,VBDM,2021.2.0,60.02563095790019,
AF314.jpg,1.0,425.1722232999746,426.7389042499708,1,2022-12-27-2111,VBDM,2021.2.0,60.02563095790019,
AF1514.jpg,8.0,426.73886499996297,429.02231114997994,1,2022-12-27-2111,VBDM,2021.2.0,60.02563095790019,
AF71.jpg,3.0,429.0221662999829,432.3889730499941,1,2022-12-27-2111,VBDM,2021.2.0,60.02563095790019,
AF1816.jpg,8.0,432.3888330999762,434.6221901499666,1,2022-12-27-2111,VBDM,2021.2.0,60.02563095790019,
AF337.jpg,2.0,434.62212079996243,439.08889615000226,1,2022-12-27-2111,VBDM,2021.2.0,60.02563095790019,
AF1064.jpg,7.0,439.08880510000745,441.13883834995795,1,2022-12-27-2111,VBDM,2021.2.0,60.02563095790019,
AF1825.jpg,6.0,441.13875939999707,443.0221464500064,1,2022-12-27-2111,VBDM,2021.2.0,60.02563095790019,
AF909.jpg,4.0,443.02539769996656,448.50538314995356,1,2022-12-27-2111,VBDM,2021.2.0,60.02563095790019,
AF1252.jpg,3.0,448.50552939996123,450.9388798499713,1,2022-12-27-2111,VBDM,2021.2.0,60.02563095790019,
AF1837.jpg,9.0,450.9388236000086,457.47219604998827,1,2022-12-27-2111,VBDM,2021.2.0,60.02563095790019,
AF1036.jpg,1.0,457.4718767000013,460.25552234996576,1,2022-12-27-2111,VBDM,2021.2.0,60.02563095790019,
AF1638.jpg,7.0,460.2554425999988,462.2720618500025,1,2022-12-27-2111,VBDM,2021.2.0,60.02563095790019,
AF1684.jpg,8.0,462.2719820999773,464.10572294995654,1,2022-12-27-2111,VBDM,2021.2.0,60.02563095790019,
AF780.jpg,3.0,464.10540319996653,467.3222082499997,1,2022-12-27-2111,VBDM,2021.2.0,60.02563095790019,
AF595.jpg,2.0,467.3220500999596,469.4054541499936,1,2022-12-27-2111,VBDM,2021.2.0,60.02563095790019,
AF685.jpg,9.0,469.4054346999619,473.53878184995847,1,2022-12-27-2111,VBDM,2021.2.0,60.02563095790019,
AF1456.jpg,5.0,473.5387235999806,479.20544484996935,1,2022-12-27-2111,VBDM,2021.2.0,60.02563095790019,
AF1154.jpg,8.0,479.2053934999858,482.17208935000235,1,2022-12-27-2111,VBDM,2021.2.0,60.02563095790019,
AF1835.jpg,2.0,482.1719468999654,487.221981449984,1,2022-12-27-2111,VBDM,2021.2.0,60.02563095790019,
AF1366.jpg,3.0,487.22202639997704,490.0720668499707,1,2022-12-27-2111,VBDM,2021.2.0,60.02563095790019,
AF1691.jpg,2.0,490.0719262000057,492.055331749958,1,2022-12-27-2111,VBDM,2021.2.0,60.02563095790019,
AF1813.jpg,5.0,492.05533000000287,494.9723155499669,1,2022-12-27-2111,VBDM,2021.2.0,60.02563095790019,
AF1176.jpg,2.0,494.97227319999365,497.2888068499742,1,2022-12-27-2111,VBDM,2021.2.0,60.02563095790019,
AF643.jpg,2.0,497.28857489995426,500.58877274999395,1,2022-12-27-2111,VBDM,2021.2.0,60.02563095790019,
AF1714.jpg,7.0,500.588705400005,502.73852794995764,1,2022-12-27-2111,VBDM,2021.2.0,60.02563095790019,
AF663.jpg,7.0,502.73843269998906,504.47195154998917,1,2022-12-27-2111,VBDM,2021.2.0,60.02563095790019,
AF1527.jpg,6.0,504.4719870999688,506.82202694995794,1,2022-12-27-2111,VBDM,2021.2.0,60.02563095790019,
AF1402.jpg,4.0,506.8219645000063,509.90525534999324,1,2022-12-27-2111,VBDM,2021.2.0,60.02563095790019,
AF1681.jpg,1.0,509.90529570000945,511.3885994500015,1,2022-12-27-2111,VBDM,2021.2.0,60.02563095790019,
AF1637.jpg,4.0,511.3886580999824,516.572065049957,1,2022-12-27-2111,VBDM,2021.2.0,60.02563095790019,
AF1692.jpg,6.0,516.5718641999993,518.7720738499775,1,2022-12-27-2111,VBDM,2021.2.0,60.02563095790019,
AF1755.jpg,6.0,518.7768420999637,520.6885793499532,1,2022-12-27-2111,VBDM,2021.2.0,60.02563095790019,
AF565.jpg,6.0,520.6886048999731,522.6719877499854,1,2022-12-27-2111,VBDM,2021.2.0,60.02563095790019,
AF4.jpg,2.0,522.6719835999538,525.5886055500014,1,2022-12-27-2111,VBDM,2021.2.0,60.02563095790019,
AF1475.jpg,1.0,525.588532499969,527.8720006499789,1,2022-12-27-2111,VBDM,2021.2.0,60.02563095790019,
AF2014.jpg,4.0,527.8795541999862,535.8885400499566,1,2022-12-27-2111,VBDM,2021.2.0,60.02563095790019,
AF2001.jpg,6.0,535.8903713999898,544.3385490499786,1,2022-12-27-2111,VBDM,2021.2.0,60.02563095790019,
AF910.jpg,2.0,544.3385601000045,549.4218620499596,1,2022-12-27-2111,VBDM,2021.2.0,60.02563095790019,
AF1335.jpg,7.0,549.4219004999613,566.9219150499557,1,2022-12-27-2111,VBDM,2021.2.0,60.02563095790019,
AF924.jpg,2.0,566.9218394999625,568.4051615499775,1,2022-12-27-2111,VBDM,2021.2.0,60.02563095790019,
AF42.jpg,3.0,568.405128799961,570.5385506500024,1,2022-12-27-2111,VBDM,2021.2.0,60.02563095790019,
AF883.jpg,2.0,570.5384615999646,572.1385023499606,1,2022-12-27-2111,VBDM,2021.2.0,60.02563095790019,
AF1648.jpg,2.0,572.1384538999991,574.5216272499529,1,2022-12-27-2111,VBDM,2021.2.0,60.02563095790019,
AF575.jpg,2.0,574.5217834999785,575.9385353499674,1,2022-12-27-2111,VBDM,2021.2.0,60.02563095790019,
AF257.jpg,2.0,575.9404882999952,577.3050872499589,1,2022-12-27-2111,VBDM,2021.2.0,60.02563095790019,
AF1541.jpg,3.0,577.3050363999791,579.305198749993,1,2022-12-27-2111,VBDM,2021.2.0,60.02563095790019,
AF1575.jpg,3.0,579.3051674999879,581.3717540499638,1,2022-12-27-2111,VBDM,2021.2.0,60.02563095790019,
AF1186.jpg,2.0,581.3717178999796,582.8068293499527,1,2022-12-27-2111,VBDM,2021.2.0,60.02563095790019,
AF1272.jpg,4.0,582.8050744999782,585.2218207499827,1,2022-12-27-2111,VBDM,2021.2.0,60.02563095790019,
AF164.jpg,2.0,585.2217709999532,588.2218543500057,1,2022-12-27-2111,VBDM,2021.2.0,60.02563095790019,
AF1354.jpg,2.0,588.2216859000036,589.7718160499935,1,2022-12-27-2111,VBDM,2021.2.0,60.02563095790019,
AF1900.jpg,2.0,589.7717241999926,592.4385068499832,1,2022-12-27-2111,VBDM,2021.2.0,60.02563095790019,
AF1569.jpg,5.0,592.4384753999766,594.5884533500066,1,2022-12-27-2111,VBDM,2021.2.0,60.02563095790019,
AF392.jpg,2.0,594.5884287999943,599.0384443500079,1,2022-12-27-2111,VBDM,2021.2.0,60.02563095790019,
AF332.jpg,2.0,599.0384389999672,601.9384535499848,1,2022-12-27-2111,VBDM,2021.2.0,60.02563095790019,
AF900.jpg,5.0,601.9384250000003,603.7053424500045,1,2022-12-27-2111,VBDM,2021.2.0,60.02563095790019,
AF1119.jpg,2.0,603.7052863999852,605.505099950009,1,2022-12-27-2111,VBDM,2021.2.0,60.02563095790019,
AF959.jpg,6.0,605.5050881999778,607.8050543499994,1,2022-12-27-2111,VBDM,2021.2.0,60.02563095790019,
AF1874.jpg,3.0,607.8050124999718,612.7550747499918,1,2022-12-27-2111,VBDM,2021.2.0,60.02563095790019,
AF17.jpg,1.0,612.76028029999,614.255324549973,1,2022-12-27-2111,VBDM,2021.2.0,60.02563095790019,
AF2006.jpg,7.0,614.2552779999678,617.0551640499616,1,2022-12-27-2111,VBDM,2021.2.0,60.02563095790019,
AF711.jpg,2.0,617.0550198999699,619.655057750002,1,2022-12-27-2111,VBDM,2021.2.0,60.02563095790019,
AF1597.jpg,2.0,619.6550730000017,622.855041850009,1,2022-12-27-2111,VBDM,2021.2.0,60.02563095790019,
AF360.jpg,2.0,622.8550362999667,624.8883854500018,1,2022-12-27-2111,VBDM,2021.2.0,60.02563095790019,
AF881.jpg,2.0,624.888356899959,626.3884123499738,1,2022-12-27-2111,VBDM,2021.2.0,60.02563095790019,
AF712.jpg,5.0,626.3883122999687,635.8882449499797,1,2022-12-27-2111,VBDM,2021.2.0,60.02563095790019,
AF1296.jpg,5.0,635.8882740999688,637.8384533500066,1,2022-12-27-2111,VBDM,2021.2.0,60.02563095790019,
AF1606.jpg,4.0,637.8382511999807,639.221674749977,1,2022-12-27-2111,VBDM,2021.2.0,60.02563095790019,
AF1564.jpg,3.0,639.221450699959,642.3883568499587,1,2022-12-27-2111,VBDM,2021.2.0,60.02563095790019,
AF1929.jpg,7.0,642.3883245000034,645.0716358500067,1,2022-12-27-2111,VBDM,2021.2.0,60.02563095790019,
AF1245.jpg,1.0,645.0715822000057,647.7385393499862,1,2022-12-27-2111,VBDM,2021.2.0,60.02563095790019,
AF354.jpg,3.0,647.7384649000014,651.1883853499894,1,2022-12-27-2111,VBDM,2021.2.0,60.02563095790019,
AF434.jpg,5.0,651.1882069999701,653.9216780499555,1,2022-12-27-2111,VBDM,2021.2.0,60.02563095790019,
AF44.jpg,4.0,653.921631300007,655.421544449986,1,2022-12-27-2111,VBDM,2021.2.0,60.02563095790019,
AF1982.jpg,5.0,655.4215242000064,657.2549297499936,1,2022-12-27-2111,VBDM,2021.2.0,60.02563095790019,
AF897.jpg,6.0,657.2549485999625,659.5215816499549,1,2022-12-27-2111,VBDM,2021.2.0,60.02563095790019,
AF324.jpg,5.0,659.5215409999946,661.7048894499894,1,2022-12-27-2111,VBDM,2021.2.0,60.02563095790019,
AF491.jpg,7.0,661.7048326999648,668.0048067499883,1,2022-12-27-2111,VBDM,2021.2.0,60.02563095790019,
AF2004.jpg,5.0,668.0113546999637,684.2882289499976,1,2022-12-27-2111,VBDM,2021.2.0,60.02563095790019,
AF1789.jpg,5.0,684.290316300001,686.4383182500023,1,2022-12-27-2111,VBDM,2021.2.0,60.02563095790019,
AF1019.jpg,1.0,686.4381150999689,688.8548404499888,1,2022-12-27-2111,VBDM,2021.2.0,60.02563095790019,
AF2.jpg,6.0,688.8547867999878,693.4214625500026,1,2022-12-27-2111,VBDM,2021.2.0,60.02563095790019,
AF987.jpg,6.0,693.4261105000041,696.2547494499595,1,2022-12-27-2111,VBDM,2021.2.0,60.02563095790019,
AF1532.jpg,6.0,696.2577592000016,702.121533449972,1,2022-12-27-2111,VBDM,2021.2.0,60.02563095790019,
AF1577.jpg,4.0,702.1244137999602,703.8881111500086,1,2022-12-27-2111,VBDM,2021.2.0,60.02563095790019,
AF1468.jpg,5.0,703.8881247999961,705.5214969500084,1,2022-12-27-2111,VBDM,2021.2.0,60.02563095790019,
AF1560.jpg,5.0,705.5214406999876,707.1048443499603,1,2022-12-27-2111,VBDM,2021.2.0,60.02563095790019,
AF1903.jpg,5.0,707.1047851999756,708.6547610499547,1,2022-12-27-2111,VBDM,2021.2.0,60.02563095790019,
AF2007.jpg,4.0,708.6606083000079,712.3714825499919,1,2022-12-27-2111,VBDM,2021.2.0,60.02563095790019,
AF1171.jpg,6.0,712.3748451999854,715.3048056499683,1,2022-12-27-2111,VBDM,2021.2.0,60.02563095790019,
AF393.jpg,2.0,715.3048783999984,717.788067549991,1,2022-12-27-2111,VBDM,2021.2.0,60.02563095790019,
AF1127.jpg,2.0,717.7880521999905,719.2547493499587,1,2022-12-27-2111,VBDM,2021.2.0,60.02563095790019,
AF1470.jpg,2.0,719.2546779999975,728.0047805499635,1,2022-12-27-2111,VBDM,2021.2.0,60.02563095790019,
AF1663.jpg,2.0,728.0046631000005,731.6883811499574,1,2022-12-27-2111,VBDM,2021.2.0,60.02563095790019,
AF1042.jpg,3.0,731.6881357999519,733.9047846499598,1,2022-12-27-2111,VBDM,2021.2.0,60.02563095790019,
AF395.jpg,5.0,733.9081419999711,751.4881354499958,1,2022-12-27-2111,VBDM,2021.2.0,60.02563095790019,
AF150.jpg,1.0,751.4880019999691,752.8880274499534,1,2022-12-27-2111,VBDM,2021.2.0,60.02563095790019,
AF563.jpg,2.0,752.8880700999871,755.4214104499551,1,2022-12-27-2111,VBDM,2021.2.0,60.02563095790019,
AF1356.jpg,5.0,755.4213130999706,757.3713789499598,1,2022-12-27-2111,VBDM,2021.2.0,60.02563095790019,
AF1090.jpg,6.0,757.3712584999739,758.971364750003,1,2022-12-27-2111,VBDM,2021.2.0,60.02563095790019,
AF412.jpg,3.0,758.9713091999874,760.8382418499677,1,2022-12-27-2111,VBDM,2021.2.0,60.02563095790019,
AF612.jpg,2.0,760.837947299995,762.6713375499821,1,2022-12-27-2111,VBDM,2021.2.0,60.02563095790019,
AF1327.jpg,3.0,762.6735621999833,764.6378915499663,1,2022-12-27-2111,VBDM,2021.2.0,60.02563095790019,
AF244.jpg,5.0,764.6379397999845,770.038007449999,1,2022-12-27-2111,VBDM,2021.2.0,60.02563095790019,
AF166.jpg,2.0,770.0379431999754,771.6879392499686,1,2022-12-27-2111,VBDM,2021.2.0,60.02563095790019,
AF1030.jpg,1.0,771.6886895999778,773.3380660499679,1,2022-12-27-2111,VBDM,2021.2.0,60.02563095790019,
AF103.jpg,1.0,773.3389590999577,774.8932498499635,1,2022-12-27-2111,VBDM,2021.2.0,60.02563095790019,
AF1955.jpg,5.0,774.8906931999954,777.5380526499939,1,2022-12-27-2111,VBDM,2021.2.0,60.02563095790019,
AF2002.jpg,4.0,777.5449346000096,780.9546880499693,1,2022-12-27-2111,VBDM,2021.2.0,60.02563095790019,
AF1073.jpg,2.0,780.9545791999553,783.4044324499555,1,2022-12-27-2111,VBDM,2021.2.0,60.02563095790019,
AF64.jpg,1.0,783.407563899993,784.9212703499943,1,2022-12-27-2111,VBDM,2021.2.0,60.02563095790019,
AF1689.jpg,5.0,784.9213213999756,795.8881254500011,1,2022-12-27-2111,VBDM,2021.2.0,60.02563095790019,
AF409.jpg,3.0,795.8880207999609,798.1379279500106,1,2022-12-27-2111,VBDM,2021.2.0,60.02563095790019,
AF1517.jpg,3.0,798.1380064999685,800.2712182499818,1,2022-12-27-2111,VBDM,2021.2.0,60.02563095790019,
AF307.jpg,2.0,800.2711999999592,802.5713222500053,1,2022-12-27-2111,VBDM,2021.2.0,60.02563095790019,
AF534.jpg,2.0,802.5714067000081,816.321084449999,1,2022-12-27-2111,VBDM,2021.2.0,60.02563095790019,
AF318.jpg,2.0,816.3211440999876,817.8211517499876,1,2022-12-27-2111,VBDM,2021.2.0,60.02563095790019,
AF1103.jpg,2.0,817.8211695000064,819.4211628499907,1,2022-12-27-2111,VBDM,2021.2.0,60.02563095790019,
AF1567.jpg,3.0,819.4212773999898,824.6712108500069,1,2022-12-27-2111,VBDM,2021.2.0,60.02563095790019,
AF1709.jpg,2.0,824.671008699981,826.2211719499901,1,2022-12-27-2111,VBDM,2021.2.0,60.02563095790019,
AF1650.jpg,3.0,826.2211825999548,827.8711826499784,1,2022-12-27-2111,VBDM,2021.2.0,60.02563095790019,
AF809.jpg,2.0,827.8711429999676,831.2044868500088,1,2022-12-27-2111,VBDM,2021.2.0,60.02563095790019,
AF597.jpg,5.0,831.2044704,833.3044502499979,1,2022-12-27-2111,VBDM,2021.2.0,60.02563095790019,
AF467.jpg,3.0,833.3044895000057,850.6377144499565,1,2022-12-27-2111,VBDM,2021.2.0,60.02563095790019,
AF1365.jpg,6.0,850.6413661999977,852.4045203499845,1,2022-12-27-2111,VBDM,2021.2.0,60.02563095790019,
AF1434.jpg,6.0,852.404550599982,854.1211562500102,1,2022-12-27-2111,VBDM,2021.2.0,60.02563095790019,
AF1948.jpg,2.0,854.1211188999587,856.2884853499709,1,2022-12-27-2111,VBDM,2021.2.0,60.02563095790019,
AF1070.jpg,2.0,856.2877638000064,858.1377529499587,1,2022-12-27-2111,VBDM,2021.2.0,60.02563095790019,
AF1821.jpg,4.0,858.1377501999959,859.8877227499615,1,2022-12-27-2111,VBDM,2021.2.0,60.02563095790019,
AF1368.jpg,3.0,859.8876988999546,862.0877508499543,1,2022-12-27-2111,VBDM,2021.2.0,60.02563095790019,
AF1585.jpg,6.0,862.0876768999733,863.837767149962,1,2022-12-27-2111,VBDM,2021.2.0,60.02563095790019,
AF724.jpg,6.0,863.8377026999951,865.971158350003,1,2022-12-27-2111,VBDM,2021.2.0,60.02563095790019,
AF739.jpg,3.0,865.9709994999575,869.2710265499773,1,2022-12-27-2111,VBDM,2021.2.0,60.02563095790019,
AF600.jpg,7.0,869.2715341000003,871.3210712499567,1,2022-12-27-2111,VBDM,2021.2.0,60.02563095790019,
AF1266.jpg,4.0,871.3210048999754,874.7543400499853,1,2022-12-27-2111,VBDM,2021.2.0,60.02563095790019,
AF593.jpg,7.0,874.7543468999793,876.4377334499732,1,2022-12-27-2111,VBDM,2021.2.0,60.02563095790019,
AF1779.jpg,4.0,876.4376173999626,878.0210874499753,1,2022-12-27-2111,VBDM,2021.2.0,60.02563095790019,
AF1576.jpg,5.0,878.0210288999951,882.0210361499921,1,2022-12-27-2111,VBDM,2021.2.0,60.02563095790019,
AF582.jpg,5.0,882.0209697999526,884.0710772500024,1,2022-12-27-2111,VBDM,2021.2.0,60.02563095790019,
AF1659.jpg,8.0,884.0709295999841,886.2710024499684,1,2022-12-27-2111,VBDM,2021.2.0,60.02563095790019,
AF1675.jpg,6.0,886.270960599999,889.1543172500096,1,2022-12-27-2111,VBDM,2021.2.0,60.02563095790019,
AF636.jpg,4.0,889.1542475000024,891.0709875499597,1,2022-12-27-2111,VBDM,2021.2.0,60.02563095790019,
AF1658.jpg,2.0,891.0709539999953,893.071005249978,1,2022-12-27-2111,VBDM,2021.2.0,60.02563095790019,
AF1974.jpg,2.0,893.0709656999679,895.3877077499637,1,2022-12-27-2111,VBDM,2021.2.0,60.02563095790019,
AF1977.jpg,7.0,895.3876401999732,897.1543418499641,1,2022-12-27-2111,VBDM,2021.2.0,60.02563095790019,
AF45.jpg,2.0,897.1553684999817,898.5543440500041,1,2022-12-27-2111,VBDM,2021.2.0,60.02563095790019,
AF171.jpg,3.0,898.5541929999599,901.0709906499833,1,2022-12-27-2111,VBDM,2021.2.0,60.02563095790019,
AF226.jpg,1.0,901.0710055999807,902.9209687499679,1,2022-12-27-2111,VBDM,2021.2.0,60.02563095790019,
AF1362.jpg,7.0,902.9208559999825,906.6708150499617,1,2022-12-27-2111,VBDM,2021.2.0,60.02563095790019,
AF83.jpg,2.0,906.670702399977,909.920888349996,1,2022-12-27-2111,VBDM,2021.2.0,60.02563095790019,
AF51.jpg,2.0,909.9208460999653,911.8712258499581,1,2022-12-27-2111,VBDM,2021.2.0,60.02563095790019,
AF1811.jpg,5.0,911.8709528999752,915.1209559499985,1,2022-12-27-2111,VBDM,2021.2.0,60.02563095790019,
AF1143.jpg,1.0,915.1227924999548,916.5042053500074,1,2022-12-27-2111,VBDM,2021.2.0,60.02563095790019,
AF1624.jpg,2.0,916.5041947999853,919.2543207499548,1,2022-12-27-2111,VBDM,2021.2.0,60.02563095790019,
AF1698.jpg,3.0,919.2542516999529,927.4542566500022,1,2022-12-27-2111,VBDM,2021.2.0,60.02563095790019,
AF1679.jpg,2.0,927.454035200004,929.8876283499994,1,2022-12-27-2111,VBDM,2021.2.0,60.02563095790019,
AF433.jpg,5.0,929.8891698999796,932.7042841499788,1,2022-12-27-2111,VBDM,2021.2.0,60.02563095790019,
AF1669.jpg,6.0,932.7041964000091,934.3375706499792,1,2022-12-27-2111,VBDM,2021.2.0,60.02563095790019,
AF1234.jpg,3.0,934.3382129999809,946.1375735499896,1,2022-12-27-2111,VBDM,2021.2.0,60.02563095790019,
AF2010.jpg,5.0,946.1375416999799,948.3208760499838,1,2022-12-27-2111,VBDM,2021.2.0,60.02563095790019,
AF569.jpg,5.0,948.3208343999577,950.8876402499736,1,2022-12-27-2111,VBDM,2021.2.0,60.02563095790019,
AF810.jpg,2.0,950.8874899999937,953.7709299499984,1,2022-12-27-2111,VBDM,2021.2.0,60.02563095790019,
AF2011.jpg,6.0,953.7733318999526,960.4718285499839,1,2022-12-27-2111,VBDM,2021.2.0,60.02563095790019,
AF214.jpg,2.0,960.470984399959,962.6708955499926,1,2022-12-27-2111,VBDM,2021.2.0,60.02563095790019,
AF1657.jpg,4.0,962.6708455999615,966.354173049971,1,2022-12-27-2111,VBDM,2021.2.0,60.02563095790019,
AF1812.jpg,6.0,966.3540866999538,969.3040957499761,1,2022-12-27-2111,VBDM,2021.2.0,60.02563095790019,
AF187.jpg,2.0,969.3041513999924,970.9374199499725,1,2022-12-27-2111,VBDM,2021.2.0,60.02563095790019,
AF300.jpg,2.0,970.9373854000005,972.9374092500075,1,2022-12-27-2111,VBDM,2021.2.0,60.02563095790019,
AF912.jpg,3.0,972.9374386999989,977.1707874499843,1,2022-12-27-2111,VBDM,2021.2.0,60.02563095790019,
AF709.jpg,2.0,977.1707246999722,979.0374291499611,1,2022-12-27-2111,VBDM,2021.2.0,60.02563095790019,
AF1834.jpg,7.0,979.0374820999568,980.8069412499899,1,2022-12-27-2111,VBDM,2021.2.0,60.02563095790019,
AF2012.jpg,7.0,980.8113404999604,982.4541498500039,1,2022-12-27-2111,VBDM,2021.2.0,60.02563095790019,
AF201.jpg,3.0,982.4578456999734,986.1207952499972,1,2022-12-27-2111,VBDM,2021.2.0,60.02563095790019,
AF1603.jpg,3.0,986.1207063999609,993.7204831499839,1,2022-12-27-2111,VBDM,2021.2.0,60.02563095790019,
AF1162.jpg,7.0,993.7206885999767,996.870704150002,1,2022-12-27-2111,VBDM,2021.2.0,60.02563095790019,
AF1630.jpg,3.0,996.870509099972,1001.2377206499805,1,2022-12-27-2111,VBDM,2021.2.0,60.02563095790019,
AF510.jpg,4.0,1001.2372895999579,1004.42066324997,1,2022-12-27-2111,VBDM,2021.2.0,60.02563095790019,
AF1656.jpg,6.0,1004.4206664999947,1006.7540758499526,1,2022-12-27-2111,VBDM,2021.2.0,60.02563095790019,
AF252.jpg,2.0,1006.7539565999759,1009.9373332499526,1,2022-12-27-2111,VBDM,2021.2.0,60.02563095790019,
AF552.jpg,3.0,1009.9373576999642,1011.7374107500073,1,2022-12-27-2111,VBDM,2021.2.0,60.02563095790019,
AF2003.jpg,5.0,1011.7380502999877,1014.6553133499692,1,2022-12-27-2111,VBDM,2021.2.0,60.02563095790019,
AF1205.jpg,6.0,1014.6545898999902,1016.9706583499792,1,2022-12-27-2111,VBDM,2021.2.0,60.02563095790019,
AF1893.jpg,2.0,1016.9705859999522,1019.637404249981,1,2022-12-27-2111,VBDM,2021.2.0,60.02563095790019,
AF1341.jpg,1.0,1019.637551199994,1021.3540972499759,1,2022-12-27-2111,VBDM,2021.2.0,60.02563095790019,
AF923.jpg,2.0,1021.3539072999847,1023.203982350009,1,2022-12-27-2111,VBDM,2021.2.0,60.02563095790019,
AF1666.jpg,6.0,1023.2039240999729,1025.4540517499554,1,2022-12-27-2111,VBDM,2021.2.0,60.02563095790019,
AF1699.jpg,5.0,1025.4541696999804,1028.7539872499765,1,2022-12-27-2111,VBDM,2021.2.0,60.02563095790019,
AF242.jpg,1.0,1028.7539755000034,1032.0206105499528,1,2022-12-27-2111,VBDM,2021.2.0,60.02563095790019,
AF1312.jpg,8.0,1032.020620199968,1034.9872510499554,1,2022-12-27-2111,VBDM,2021.2.0,60.02563095790019,
AF1190.jpg,2.0,1034.9871770999744,1036.9041224499815,1,2022-12-27-2111,VBDM,2021.2.0,60.02563095790019,
AF356.jpg,4.0,1036.9038938999875,1039.2205882499693,1,2022-12-27-2111,VBDM,2021.2.0,60.02563095790019,
AF1980.jpg,4.0,1039.2205320000066,1046.8039625500096,1,2022-12-27-2111,VBDM,2021.2.0,60.02563095790019,
AF1371.jpg,5.0,1046.8038612999953,1056.6040431499714,1,2022-12-27-2111,VBDM,2021.2.0,60.02563095790019,
AF147.jpg,2.0,1056.6040917999926,1059.1039088499965,1,2022-12-27-2111,VBDM,2021.2.0,60.02563095790019,
AF1207.jpg,8.0,1059.1038548999932,1063.7206689500017,1,2022-12-27-2111,VBDM,2021.2.0,60.02563095790019,
AF1546.jpg,6.0,1063.7204943999532,1065.8538819499663,1,2022-12-27-2111,VBDM,2021.2.0,60.02563095790019,
AF1270.jpg,7.0,1065.853778699995,1067.7206674499903,1,2022-12-27-2111,VBDM,2021.2.0,60.02563095790019,
AF1082.jpg,1.0,1067.721280800004,1069.8540032499586,1,2022-12-27-2111,VBDM,2021.2.0,60.02563095790019,
AF567.jpg,3.0,1069.8537980999681,1074.5705192500027,1,2022-12-27-2111,VBDM,2021.2.0,60.02563095790019,
AF1396.jpg,5.0,1074.570440599986,1077.920502449968,1,2022-12-27-2111,VBDM,2021.2.0,60.02563095790019,
AF1405.jpg,7.0,1077.9204771000077,1079.8038561499561,1,2022-12-27-2111,VBDM,2021.2.0,60.02563095790019,
AF1725.jpg,7.0,1079.8037981999805,1082.8204913499649,1,2022-12-27-2111,VBDM,2021.2.0,60.02563095790019,
AF343.jpg,2.0,1082.8204992999672,1084.6037048499566,1,2022-12-27-2111,VBDM,2021.2.0,60.02563095790019,
AF1473.jpg,2.0,1084.6036067999667,1087.5371752500068,1,2022-12-27-2111,VBDM,2021.2.0,60.02563095790019,
AF894.jpg,4.0,1087.5370566999773,1089.5370202499907,1,2022-12-27-2111,VBDM,2021.2.0,60.02563095790019,
AF319.jpg,3.0,1089.5369864999666,1091.237134349998,1,2022-12-27-2111,VBDM,2021.2.0,60.02563095790019,
AF398.jpg,4.0,1091.2371293999604,1093.6037522499682,1,2022-12-27-2111,VBDM,2021.2.0,60.02563095790019,
AF1148.jpg,4.0,1093.6037783999927,1095.6037198499544,1,2022-12-27-2111,VBDM,2021.2.0,60.02563095790019,
AF670.jpg,2.0,1095.60378569999,1098.0871310500079,1,2022-12-27-2111,VBDM,2021.2.0,60.02563095790019,
AF1551.jpg,5.0,1098.0870472999522,1099.970408149995,1,2022-12-27-2111,VBDM,2021.2.0,60.02563095790019,
AF156.jpg,1.0,1099.9704768999945,1101.603681449953,1,2022-12-27-2111,VBDM,2021.2.0,60.02563095790019,
AF108.jpg,2.0,1101.6034871999873,1103.7537497499725,1,2022-12-27-2111,VBDM,2021.2.0,60.02563095790019,
